{"_runtime":5.640687292,"train/mae":0.08292219787836075,"_wandb":{"runtime":5},"train/loss":-0.08844758570194244,"train/beta_value":0.5,"train/mse":0.013150529935956001,"train/nll":1.8826395273208618,"val/loss":-0.0007849514931440354,"train/grad_norm_var":0.08958820627721975,"_step":3200,"train/grad_norm_mean":0.8729504110205014,"train/rmse":0.11467576001909036,"_timestamp":1.7652411760201669e+09}