{"train/grad_norm_var":0.08958820627721975,"train/loss":-0.08844758570194244,"train/rmse":0.11467576001909036,"train/mse":0.013150529935956001,"_step":3200,"train/nll":1.8826395273208618,"train/mae":0.08292219787836075,"_timestamp":1.765241459484663e+09,"train/grad_norm_mean":0.8729504110205014,"train/beta_value":0.5,"val/loss":-0.0007849514931440354,"_wandb":{"runtime":5},"_runtime":5.5154105}