{"_step":3200,"train/grad_norm_var":0.9727662844684191,"_timestamp":1.765241166466496e+09,"train/mae":0.08793704211711884,"train/nll":1.8481792211532593,"train/rmse":0.11645476623109521,"val/loss":-0.6410662622451783,"train/loss":-0.9292406439781189,"_runtime":5.282279667,"train/grad_norm_mean":5.944923814067726,"train/beta_value":0,"train/mse":0.013561712577939034,"_wandb":{"runtime":5}}