{"_step":3200,"train/mae":0.08595272898674011,"val/loss":0.07743917101621628,"_runtime":5.402182792,"_wandb":{"runtime":5},"train/mse":0.014192327857017517,"train/grad_norm_mean":0.33958146511447485,"train/rmse":0.11913155693189574,"_timestamp":1.7652414686577148e+09,"train/beta_value":1,"train/loss":-0.009718409739434719,"train/nll":1.7735419273376465,"train/grad_norm_var":0.01028853124124929}