{"train/grad_norm_var":0.01028853124124929,"train/mae":0.08595272898674011,"train/grad_norm_mean":0.33958146511447485,"train/nll":1.7735419273376465,"_wandb":{"runtime":6},"train/mse":0.014192327857017517,"_step":3200,"train/loss":-0.009718409739434719,"val/loss":0.07743917101621628,"train/beta_value":1,"train/rmse":0.11913155693189574,"_timestamp":1.7652411864026911e+09,"_runtime":6.070110208}